{"cameraMode":{"drawMode":0,"name":"Shaded","section":"Shading Mode"},"sceneLighting":true,"audioPlay":false,"sceneViewState":{"showFog":true,"showMaterialUpdate":false,"showSkybox":true,"showFlares":true,"showImageEffects":true,"showParticleSystems":true,"showVisualEffectGraphs":true,"m_FxEnabled":true},"in2DMode":false,"pivot":{"x":12.925257682800293,"y":-2.1134700775146486,"z":-3.3064136505126955},"rotation":{"x":0.01782727800309658,"y":0.9535090923309326,"z":-0.2952783405780792,"w":0.057567428797483447},"size":87.09931182861328,"orthographic":false}